time_s,flux_mJy,flux_err_mJy,frequency_Hz,wavelength_AA,mag_AB_galcorr,mag_err,n_pix,flux_err_mJy_conservative
94.40608762859236,14.022147277834858,1.9372312376225747,393170436721311.5,7625.0,13.533029311545826,0.15,6,3.438850706866836
105.92537251772886,12.914490127781294,1.7842027471108783,393170436721311.5,7625.0,13.622372460713148,0.15,145,3.1672041824112775
118.85022274370178,12.091702597049798,1.6705304489330552,393170436721311.5,7625.0,13.693846980047006,0.15,176,2.9654202882904546
133.35214321633228,11.894330586885173,1.643262498030295,393170436721311.5,7625.0,13.711715609880471,0.15,176,2.917015941707728
149.62356560944312,11.700180266146338,1.6164396399702998,393170436721311.5,7625.0,13.729584239713935,0.15,70,2.8694016958663267
167.8804018122557,8.418670547388869,1.1630823183147379,393170436721311.5,7625.0,14.086956836383223,0.15,5,2.0646303728766315
188.36490894897963,8.418670547388869,1.1630823183147379,393170436721311.5,7625.0,14.086956836383223,0.15,64,2.0646303728766315
211.34890398366412,7.5025923660857154,1.0365214404575935,393170436721311.5,7625.0,14.212037245217473,0.15,63,1.839967485024974
237.1373705661648,6.686197291460253,0.9237322927280125,393170436721311.5,7625.0,14.337117654051724,0.15,60,1.639751303877298
266.07250597988,6.260216884569102,0.8648809246391065,393170436721311.5,7625.0,14.40859217338558,0.15,87,1.535282067153146
298.5382618917948,5.765701040762484,0.796561036027197,393170436721311.5,7625.0,14.497935322552904,0.15,84,1.4140049100005203
334.9654391578262,5.958638299797998,0.8232163034194953,393170436721311.5,7625.0,14.462198062885975,0.15,89,1.4613216594590008
375.8374042884424,5.861375866353609,0.8097790016580527,393170436721311.5,7625.0,14.480066692719438,0.15,95,1.4374686088972988
421.6965034285801,5.765701040762484,0.796561036027197,393170436721311.5,7625.0,14.497935322552904,0.15,91,1.4140049100005203
473.1512589614779,5.442971221966689,0.7519742638377648,393170436721311.5,7625.0,14.560475526970029,0.15,114,1.3348572842123325
530.8844442309852,5.31024868697305,0.7336379680029209,393170436721311.5,7625.0,14.587278471720225,0.15,112,1.3023078483636952
595.6621435290067,5.765701040762484,0.796561036027197,393170436721311.5,7625.0,14.497935322552904,0.15,105,1.4140049100005203
668.3439175686101,5.5790109784942805,0.7707688507638633,393170436721311.5,7625.0,14.533672582219832,0.15,126,1.3682202495005662
749.8942093324505,4.579180817816006,0.6326372093536451,393170436721311.5,7625.0,14.748096140221405,0.15,146,1.1230176719873335
841.3951416451887,3.884304549441088,0.5366365051315201,393170436721311.5,7625.0,14.926782438556048,0.15,117,0.9526032768637467
944.0608762859158,3.1620601304967884,0.4368547511779627,393170436721311.5,7625.0,15.150140311474352,0.15,112,0.7754770007374604
1059.25372517728,3.0849558028773276,0.4262023946550487,393170436721311.5,7625.0,15.176943256224549,0.15,109,0.7565676093095295
1188.502227437008,3.034600286506004,0.41924552297425105,393170436721311.5,7625.0,15.194811886058014,0.15,107,0.744218209489582
1333.5214321633118,3.034600286506004,0.41924552297425105,393170436721311.5,7625.0,15.194811886058014,0.15,135,0.744218209489582
1496.235656094419,2.841264641677086,0.3925352165506036,393170436721311.5,7625.0,15.26628640539187,0.15,48,0.6968037582141038
1883.6490894897809,3.3495480027122704,0.46275715795879513,393170436721311.5,7625.0,15.087600107057227,0.15,67,0.8214573195233235
2113.4890398366238,2.841264641677086,0.3925352165506036,393170436721311.5,7625.0,15.26628640539187,0.15,68,0.6968037582141038
2371.3737056616287,2.841264641677086,0.3925352165506036,393170436721311.5,7625.0,15.26628640539187,0.15,5,0.6968037582141038
2660.7250597987786,5.31024868697305,0.7336379680029209,393170436721311.5,7625.0,14.587278471720225,0.15,67,1.3023078483636952
2985.3826189179235,6.158031805118402,0.8507635341989308,393170436721311.5,7625.0,14.426460803219046,0.15,48,1.5102217660639006
3349.654391578235,5.958638299797998,0.8232163034194953,393170436721311.5,7625.0,14.462198062885975,0.15,108,1.4613216594590008
3758.3740428843935,5.3983658323782375,0.7458118015297514,393170436721311.5,7625.0,14.56940984188676,0.15,47,1.3239180698055075
4216.965034285767,5.2235698715283565,0.7216628471036409,393170436721311.5,7625.0,14.605147101553689,0.15,70,1.2810503690449935
4731.51258961474,4.655166777371902,0.7951045022964737,393170436721311.5,7625.0,14.73022751038794,0.18544421413765982,101,1.2336691454273865
5308.844442309809,3.136146908054288,0.43327470719551026,393170436721311.5,7625.0,15.159074626391085,0.15,120,0.7691219324624002
5956.621435290018,2.9850667196830907,0.4124022078200951,393170436721311.5,7625.0,15.212680515891478,0.15,86,0.7320703880534265
6683.439175686046,1.8828919054969502,0.275656074145164,393170436721311.5,7625.0,15.71300215122848,0.1589521835465667,228,0.47068896143379146
7498.942093324444,1.8219249554944552,0.25170823458452235,393170436721311.5,7625.0,15.748739410895409,0.15,65,0.4468165821481699
8413.951416451819,1.6236720733671397,0.2243185867227546,393170436721311.5,7625.0,15.87381981972966,0.15,163,0.3981962067995538
9440.608762859081,1.423372941426919,0.19664623900204262,393170436721311.5,7625.0,16.016768858397374,0.15,80,0.34907400049194764
10592.537251772725,0.9355320733708654,0.12924853236969397,393170436721311.5,7625.0,16.472418919150716,0.15,58,0.22943384262504724
11885.022274369994,0.9355320733708654,0.12924853236969397,393170436721311.5,7625.0,16.472418919150716,0.15,6,0.22943384262504724
14962.356560944083,0.7369204832356403,0.10180932716522122,393170436721311.5,7625.0,16.73151405173595,0.15,20,0.18072549620737033
16788.040181225315,0.7369204832356403,0.10180932716522122,393170436721311.5,7625.0,16.73151405173595,0.15,50,0.18072549620737033
23713.737056616115,0.1110359610523025,0.015340184922317951,393170436721311.5,7625.0,18.78640648258435,0.15,16,0.027230928729148802
26607.250597987597,0.25702993386574835,0.03550999765035105,393170436721311.5,7625.0,17.875106361077666,0.15,25,0.06303510812194556
29853.82618917902,0.20080379924428193,0.053895876419906355,393170436721311.5,7625.0,18.143135808579633,0.2914123365020376,92,0.0675300592644989
33496.54391578211,0.1568773145776823,0.022966897107939463,393170436721311.5,7625.0,18.4111652560816,0.15895218354656934,222,0.03921649461422654
37583.74042884367,0.11287846834376943,0.01927969129456839,393170436721311.5,7625.0,18.768537852750885,0.18544421413765982,259,0.029914005284559807
42169.65034285736,0.07730715898025081,0.011317796781429135,393170436721311.5,7625.0,19.179516338920564,0.15895218354656934,234,0.019325393170782
47315.12589614706,0.055625083341019774,0.008143532856569316,393170436721311.5,7625.0,19.536888935589854,0.15895218354656407,221,0.013905265953407093
53088.44442309771,0.04641396852521429,0.006412326721971195,393170436721311.5,7625.0,19.733443863757962,0.15,95,0.011382757954891022
59566.214352899755,0.035086659361677076,0.004847401128549456,393170436721311.5,7625.0,20.037210570926856,0.15,137,0.008604800745334184
66834.39175685999,0.03258205607949913,0.0045013773976650415,393170436721311.5,7625.0,20.117619405177447,0.15,4,0.007990561242875574
118850.22274369898,0.006993454136082888,0.0009661813945369205,393170436721311.5,7625.0,21.788336294606363,0.15,3,0.0017151042720343528
266072.50597987376,0.006767010139263656,0.0009348970002484832,393170436721311.5,7625.0,21.82407355427329,0.15,3,0.0016595701884807954
334965.4391578183,0.035086659361677076,0.004847401128549456,393170436721311.5,7625.0,20.037210570926856,0.15,44,0.008604800745334184
