Starting Date,Time,Facility,magnitude,mag_error,Filter,Exposure,Circular,Limit,wavelength,filter_width
1970-01-01 09:00:45.943,0.03,NUTTelA-TAO,13.67,0.1,i,3,42256.0,False,7580.91,1288.67
1970-01-01 09:00:45.943,0.03,NUTTelA-TAO,14.2,0.1,i,3,42256.0,False,7580.91,1288.67
1970-01-01 09:00:45.943,0.04,NUTTelA-TAO,14.27,0.1,i,3,42256.0,False,7580.91,1288.67
1970-01-01 09:00:45.943,0.05,NUTTelA-TAO,14.69,0.06,i,30,42256.0,False,7580.91,1288.67
1970-01-01 09:00:45.943,0.06,BOOTES-6/DPRT,14.42,0.02,clear,60 sec,42225.0,False,5622.12,1876.9
1970-01-01 09:00:45.943,0.07,NUTTelA-TAO,14.96,0.06,i,30,42256.0,False,7580.91,1288.67
1970-01-01 09:00:45.943,0.07,SVOM/VT,15.38,0.01,Blue,6*50 sec,42223.0,False,5250.0,2500.0
1970-01-01 09:00:45.943,0.07,SVOM/VT,14.76,0.01,Red,6*50 sec,42223.0,False,8250.0,3000.0
1970-01-01 09:00:45.943,0.08,BOOTES-6/DPRT,14.82,0.02,clear,61 sec,42225.0,False,5622.12,1876.9
1970-01-01 09:00:45.943,0.08,NUTTelA-TAO,15.16,0.06,i,30,42256.0,False,7580.91,1288.67
1970-01-01 09:00:45.943,0.12,NUTTelA-TAO,15.06,0.06,i,30,42256.0,False,7580.91,1288.67
1970-01-01 09:00:45.943,0.13,Swift/UVOT,15.22,0.03,u_swift,1785,42298.0,False,3565.44,375.12
1970-01-01 09:00:45.943,0.18,NUTTelA-TAO,15.14,0.06,i,30,42256.0,False,7580.91,1288.67
1970-01-01 09:00:45.943,0.18,BOOTES-6/DPRT,14.79,0.03,clear,62 sec,42225.0,False,5622.12,1876.9
1970-01-01 09:00:45.943,0.2,BOOTES-6/DPRT,15.03,0.02,clear,63 sec,42225.0,False,5622.12,1876.9
1970-01-01 09:00:45.943,0.3,BOOTES-6/DPRT,15.77,0.03,clear,64 sec,42225.0,False,5622.12,1876.9
1970-01-01 09:00:45.943,0.33,BOOTES-6/DPRT,15.79,0.03,clear,65 sec,42225.0,False,5622.12,1876.9
1970-01-01 09:00:45.943,0.4,SYSU,13.49,0.14,J,20,42248.0,False,12350.0,1520.26
1970-01-01 09:00:45.943,0.42,BOOTES-6/DPRT,16.07,0.03,clear,66 sec,42225.0,False,5622.12,1876.9
1970-01-01 09:00:45.943,0.51,LAST,16.14,0.02,clear,20x20 sec,42226.0,False,5622.12,1876.9
1970-01-01 09:00:45.943,0.77,SYSU,13.89,0.14,J,20,42248.0,False,12350.0,1520.26
1970-01-01 09:00:45.943,0.79,ULL-ASTRO-MASTER,14.84,0.02,r,300,42254.0,False,6257.52,1264.57
1970-01-01 09:00:45.943,0.88,LAST,15.2,0.02,clear,20x20 sec,42226.0,False,5622.12,1876.9
1970-01-01 09:00:45.943,1.42,Calapai,15.56,0.01,clear,8x60s,42275.0,False,5622.12,1876.9
1970-01-01 09:00:45.943,1.56,Calapai,15.75,0.01,clear,8x60s,42275.0,False,5622.12,1876.9
1970-01-01 09:00:45.943,1.63,Leavitt,15.38,0.01,Rc,,42333.0,False,6533.95,1676.68
1970-01-01 09:00:45.943,1.71,Calapai,15.97,0.01,clear,8x60s,42275.0,False,5622.12,1876.9
1970-01-01 09:00:45.943,1.71,Leavitt,15.51,0.01,Rc,,42333.0,False,6533.95,1676.68
1970-01-01 09:00:45.943,1.78,Leavitt,15.67,0.01,Rc,,42333.0,False,6533.95,1676.68
1970-01-01 09:00:45.943,1.8,LCO,15.7,0.01,i,3x200,42229.0,False,7580.91,1288.67
1970-01-01 09:00:45.943,1.82,OHP/T193,15.92,0.04,r',180,42266.0,False,6257.52,1264.57
1970-01-01 09:00:45.943,1.85,Calapai,16.09,0.01,clear,8x60s,42275.0,False,5622.12,1876.9
1970-01-01 09:00:45.943,1.85,Leavitt,15.73,0.02,Rc,,42333.0,False,6533.95,1676.68
1970-01-01 09:00:45.943,1.92,Leavitt,15.74,0.02,Rc,,42333.0,False,6533.95,1676.68
1970-01-01 09:00:45.943,1.97,Leavitt,15.76,0.02,Rc,,42333.0,False,6533.95,1676.68
1970-01-01 09:00:45.943,1.97,Calapai,16.16,0.01,clear,8x60s,42275.0,False,5622.12,1876.9
1970-01-01 09:00:45.943,1.99,BassanoBrescianoObservatory,15.63,0.01,clear,10x30,42262.0,False,5622.12,1876.9
1970-01-01 09:00:45.943,1.99,BassanoBrescianoObservatory,15.63,0.01,clear,10x30,42262.0,False,5622.12,1876.9
1970-01-01 09:00:45.943,2.0,LCO,15.99,0.01,r,3x200,42229.0,False,6257.52,1264.57
1970-01-01 09:00:45.943,2.02,Leavitt,15.86,0.02,Rc,,42333.0,False,6533.95,1676.68
1970-01-01 09:00:45.943,2.07,BassanoBrescianoObservatory,15.67,0.01,clear,10x30,42262.0,False,5622.12,1876.9
1970-01-01 09:00:45.943,2.07,Leavitt,15.84,0.02,Rc,,42333.0,False,6533.95,1676.68
1970-01-01 09:00:45.943,2.1,LCO,16.3,0.01,g,3x200,42229.0,False,4806.36,1071.48
1970-01-01 09:00:45.943,2.11,Leavitt,15.84,0.02,Rc,,42333.0,False,6533.95,1676.68
1970-01-01 09:00:45.943,2.11,Calapai,16.2,0.01,clear,8x60s,42275.0,False,5622.12,1876.9
1970-01-01 09:00:45.943,2.14,SAORAS,15.84,0.01,Rc,300,42230.0,False,6533.95,1676.68
1970-01-01 09:00:45.943,2.16,BassanoBrescianoObservatory,15.73,0.01,clear,10x30,42262.0,False,5622.12,1876.9
1970-01-01 09:00:45.943,2.19,Leavitt,15.89,0.02,Rc,,42333.0,False,6533.95,1676.68
1970-01-01 09:00:45.943,2.23,Leavitt,15.9,0.02,Rc,,42333.0,False,6533.95,1676.68
1970-01-01 09:00:45.943,2.26,BassanoBrescianoObservatory,15.72,0.01,clear,10x30,42262.0,False,5622.12,1876.9
1970-01-01 09:00:45.943,2.26,Calapai,16.27,0.01,clear,8x60s,42275.0,False,5622.12,1876.9
1970-01-01 09:00:45.943,2.28,Leavitt,15.92,0.02,Rc,,42333.0,False,6533.95,1676.68
1970-01-01 09:00:45.943,2.33,Leavitt,15.97,0.02,Rc,,42333.0,False,6533.95,1676.68
1970-01-01 09:00:45.943,2.33,BassanoBrescianoObservatory,15.77,0.01,clear,10x30,42262.0,False,5622.12,1876.9
1970-01-01 09:00:45.943,2.38,Leavitt,15.96,0.02,Rc,,42333.0,False,6533.95,1676.68
1970-01-01 09:00:45.943,2.4,Calapai,16.41,0.01,clear,8x60s,42275.0,False,5622.12,1876.9
1970-01-01 09:00:45.943,2.41,SAORAS,16.05,0.01,Rc,100,42230.0,False,6533.95,1676.68
1970-01-01 09:00:45.943,2.43,OsservatorioAstronomicoNastroVerde,16.11,0.02,Rc,60,42269.0,False,6533.95,1676.68
1970-01-01 09:00:45.943,2.43,BassanoBrescianoObservatory,15.84,0.01,clear,10x30,42262.0,False,5622.12,1876.9
1970-01-01 09:00:45.943,2.43,OsservatorioAstronomicoNastroVerde,16.58,0.04,V,60,42269.0,False,5538.12,1164.8
1970-01-01 09:00:45.943,2.43,Leavitt,16.04,0.02,Rc,,42333.0,False,6533.95,1676.68
1970-01-01 09:00:45.943,2.47,Leavitt,16.12,0.02,Rc,,42333.0,False,6533.95,1676.68
1970-01-01 09:00:45.943,2.5,BassanoBrescianoObservatory,15.92,0.01,clear,10x30,42262.0,False,5622.12,1876.9
1970-01-01 09:00:45.943,2.52,Leavitt,16.12,0.02,Rc,,42333.0,False,6533.95,1676.68
1970-01-01 09:00:45.943,2.52,Calapai,16.53,0.01,clear,8x60s,42275.0,False,5622.12,1876.9
1970-01-01 09:00:45.943,2.57,Leavitt,16.19,0.02,Rc,,42333.0,False,6533.95,1676.68
1970-01-01 09:00:45.943,2.59,BassanoBrescianoObservatory,15.98,0.01,clear,10x30,42262.0,False,5622.12,1876.9
1970-01-01 09:00:45.943,2.6,SAORAS,16.21,0.01,Rc,100,42230.0,False,6533.95,1676.68
1970-01-01 09:00:45.943,2.62,Leavitt,16.27,0.02,Rc,,42333.0,False,6533.95,1676.68
1970-01-01 09:00:45.943,2.64,OsservatorioAstronomicoNastroVerde,16.28,0.03,Rc,60,42269.0,False,6533.95,1676.68
1970-01-01 09:00:45.943,2.67,OsservatorioAstronomicoNastroVerde,16.7,0.04,V,60,42269.0,False,5538.12,1164.8
1970-01-01 09:00:45.943,2.67,Calapai,16.61,0.01,clear,8x60s,42275.0,False,5622.12,1876.9
1970-01-01 09:00:45.943,2.69,BassanoBrescianoObservatory,16.05,0.01,clear,10x30,42262.0,False,5622.12,1876.9
1970-01-01 09:00:45.943,2.69,Leavitt,16.29,0.02,Rc,,42333.0,False,6533.95,1676.68
1970-01-01 09:00:45.943,2.75,Asiago,16.51,0.05,r,,42253.0,False,6257.52,1264.57
1970-01-01 09:00:45.943,2.75,Asiago,16.27,0.04,i,,42253.0,False,7580.91,1288.67
1970-01-01 09:00:45.943,2.76,BassanoBrescianoObservatory,16.12,0.01,clear,10x30,42262.0,False,5622.12,1876.9
1970-01-01 09:00:45.943,2.79,MASTER-SAAO,18.6,0.0,clear,60,42235.0,True,5622.12,1876.9
1970-01-01 09:00:45.943,2.81,Leavitt,15.94,0.03,Ic,,42333.0,False,7989.4,1337.0
1970-01-01 09:00:45.943,2.81,Calapai,16.68,0.01,clear,8x60s,42275.0,False,5622.12,1876.9
1970-01-01 09:00:45.943,2.81,MASTER-SAAO,18.7,0.0,clear,60,42235.0,True,5622.12,1876.9
1970-01-01 09:00:45.943,2.84,MASTER-SAAO,18.9,0.0,clear,60,42235.0,True,5622.12,1876.9
1970-01-01 09:00:45.943,2.86,OsservatorioAstronomicoNastroVerde,16.43,0.04,Rc,60,42269.0,False,6533.95,1676.68
1970-01-01 09:00:45.943,2.86,Leavitt,16.33,0.02,Rc,,42333.0,False,6533.95,1676.68
1970-01-01 09:00:45.943,2.86,BassanoBrescianoObservatory,16.18,0.01,clear,10x30,42262.0,False,5622.12,1876.9
1970-01-01 09:00:45.943,2.87,MASTER-SAAO,18.8,0.0,clear,60,42235.0,True,5622.12,1876.9
1970-01-01 09:00:45.943,2.88,NOT,16.52,0.02,r,30 sec,42227.0,False,6257.52,1264.57
1970-01-01 09:00:45.943,2.88,LCO,16.61,0.01,V,300,422561.0,False,5538.12,1164.8
1970-01-01 09:00:45.943,2.88,OsservatorioAstronomicoNastroVerde,16.9,0.07,V,60,42269.0,False,5538.12,1164.8
1970-01-01 09:00:45.943,2.89,MASTER-SAAO,18.7,0.0,clear,60,42235.0,True,5622.12,1876.9
1970-01-01 09:00:45.943,2.91,Leavitt,15.95,0.03,Ic,,42333.0,False,7989.4,1337.0
1970-01-01 09:00:45.943,2.92,MASTER-SAAO,18.6,0.0,clear,60,42235.0,True,5622.12,1876.9
1970-01-01 09:00:45.943,2.94,INO340,16.3,0.02,i,,42492.0,False,7580.91,1288.67
1970-01-01 09:00:45.943,2.94,INO340,16.63,0.2,r,,42492.0,False,6257.52,1264.57
1970-01-01 09:00:45.943,2.94,INO340,16.75,0.02,g,,42492.0,False,4806.36,1071.48
1970-01-01 09:00:45.943,2.95,MASTER-SAAO,18.9,0.0,clear,120,42235.0,True,5622.12,1876.9
1970-01-01 09:00:45.943,2.95,Calapai,16.69,0.01,clear,8x60s,42275.0,False,5622.12,1876.9
1970-01-01 09:00:45.943,2.95,BassanoBrescianoObservatory,16.24,0.01,clear,10x30,42262.0,False,5622.12,1876.9
1970-01-01 09:00:45.943,2.95,Leavitt,16.34,0.02,Rc,,42333.0,False,6533.95,1676.68
1970-01-01 09:00:45.943,2.99,MASTER-SAAO,18.8,0.0,clear,120,42235.0,True,5622.12,1876.9
1970-01-01 09:00:45.943,3.0,Leavitt,15.92,0.03,Ic,,42333.0,False,7989.4,1337.0
1970-01-01 09:00:45.943,3.03,BassanoBrescianoObservatory,16.24,0.02,clear,10x30,42262.0,False,5622.12,1876.9
1970-01-01 09:00:45.943,3.03,MASTER-SAAO,19.0,0.0,clear,120,42235.0,True,5622.12,1876.9
1970-01-01 09:00:45.943,3.07,Leavitt,16.37,0.02,Rc,,42333.0,False,6533.95,1676.68
1970-01-01 09:00:45.943,3.07,OsservatorioAstronomicoNastroVerde,16.5,0.04,Rc,60,42269.0,False,6533.95,1676.68
1970-01-01 09:00:45.943,3.08,MASTER-SAAO,19.0,0.0,clear,120,42235.0,True,5622.12,1876.9
1970-01-01 09:00:45.943,3.1,OsservatorioAstronomicoNastroVerde,17.26,0.1,V,60,42269.0,False,5538.12,1164.8
1970-01-01 09:00:45.943,3.1,Calapai,16.72,0.01,clear,8x60s,42275.0,False,5622.12,1876.9
1970-01-01 09:00:45.943,3.12,MASTER-SAAO,19.2,0.0,clear,120,42235.0,True,5622.12,1876.9
1970-01-01 09:00:45.943,3.12,Leavitt,15.86,0.03,Ic,,42333.0,False,7989.4,1337.0
1970-01-01 09:00:45.943,3.12,BassanoBrescianoObservatory,16.24,0.02,clear,10x30,42262.0,False,5622.12,1876.9
1970-01-01 09:00:45.943,3.16,MASTER-SAAO,19.2,0.0,clear,120,42235.0,True,5622.12,1876.9
1970-01-01 09:00:45.943,3.17,Leavitt,16.41,0.02,Rc,,42333.0,False,6533.95,1676.68
1970-01-01 09:00:45.943,3.18,Kilonova-Catcher,16.29,0.04,Rc,30x30,42301.0,False,6533.95,1676.68
1970-01-01 09:00:45.943,3.21,MASTER-SAAO,19.2,0.0,clear,180,42235.0,True,5622.12,1876.9
1970-01-01 09:00:45.943,3.22,BassanoBrescianoObservatory,16.29,0.02,clear,10x30,42262.0,False,5622.12,1876.9
1970-01-01 09:00:45.943,3.22,Leavitt,16.05,0.04,Ic,,42333.0,False,7989.4,1337.0
1970-01-01 09:00:45.943,3.22,Calapai,16.8,0.01,clear,8x60s,42275.0,False,5622.12,1876.9
1970-01-01 09:00:45.943,3.25,VTP,15.9,,R,120,42228.0,False,6533.95,1676.68
1970-01-01 09:00:45.943,3.27,MASTER-SAAO,19.2,0.0,clear,180,42235.0,True,5622.12,1876.9
1970-01-01 09:00:45.943,3.27,Leavitt,16.56,0.03,Rc,,42333.0,False,6533.95,1676.68
1970-01-01 09:00:45.943,3.29,ABObservatory,16.86,0.06,V,,42251.0,False,5538.12,1164.8
1970-01-01 09:00:45.943,3.29,BassanoBrescianoObservatory,16.31,0.01,clear,10x30,42262.0,False,5622.12,1876.9
1970-01-01 09:00:45.943,3.31,Leavitt,16.25,0.04,Ic,,42333.0,False,7989.4,1337.0
1970-01-01 09:00:45.943,3.33,MASTER-SAAO,19.4,0.0,clear,180,42235.0,True,5622.12,1876.9
1970-01-01 09:00:45.943,3.36,Calapai,16.8,0.01,clear,8x60s,42275.0,False,5622.12,1876.9
1970-01-01 09:00:45.943,3.36,Leavitt,16.46,0.03,Rc,,42333.0,False,6533.95,1676.68
1970-01-01 09:00:45.943,3.38,MASTER-SAAO,19.4,0.0,clear,120,42235.0,True,5622.12,1876.9
1970-01-01 09:00:45.943,3.39,BassanoBrescianoObservatory,16.35,0.02,clear,10x30,42262.0,False,5622.12,1876.9
1970-01-01 09:00:45.943,3.43,MASTER-SAAO,20.1,0.0,clear,360,42235.0,True,5622.12,1876.9
1970-01-01 09:00:45.943,3.43,MASTER-SAAO,19.4,0.0,clear,120,42235.0,True,5622.12,1876.9
1970-01-01 09:00:45.943,3.47,MASTER-SAAO,19.4,0.0,clear,120,42235.0,True,5622.12,1876.9
1970-01-01 09:00:45.943,3.48,BassanoBrescianoObservatory,16.37,0.02,clear,10x30,42262.0,False,5622.12,1876.9
1970-01-01 09:00:45.943,3.51,Calapai,16.9,0.01,clear,8x60s,42275.0,False,5622.12,1876.9
1970-01-01 09:00:45.943,3.52,MASTER-SAAO,19.7,0.0,clear,120,42235.0,True,5622.12,1876.9
1970-01-01 09:00:45.943,3.55,BassanoBrescianoObservatory,16.37,0.02,clear,10x30,42262.0,False,5622.12,1876.9
1970-01-01 09:00:45.943,3.56,MASTER-SAAO,20.4,0.0,clear,360,42235.0,True,5622.12,1876.9
1970-01-01 09:00:45.943,3.56,MASTER-SAAO,19.4,0.0,clear,120,42235.0,True,5622.12,1876.9
1970-01-01 09:00:45.943,3.6,MASTER-SAAO,19.7,0.0,clear,120,42235.0,True,5622.12,1876.9
1970-01-01 09:00:45.943,3.63,Leavitt,16.14,0.04,Ic,,42333.0,False,7989.4,1337.0
1970-01-01 09:00:45.943,3.65,MASTER-SAAO,19.6,0.0,clear,120,42235.0,True,5622.12,1876.9
1970-01-01 09:00:45.943,3.65,BassanoBrescianoObservatory,16.43,0.02,clear,10x30,42262.0,False,5622.12,1876.9
1970-01-01 09:00:45.943,3.65,Calapai,16.91,0.01,clear,8x60s,42275.0,False,5622.12,1876.9
1970-01-01 09:00:45.943,3.67,Leavitt,16.64,0.03,Rc,,42333.0,False,6533.95,1676.68
1970-01-01 09:00:45.943,3.69,MASTER-SAAO,19.9,0.0,clear,120,42235.0,True,5622.12,1876.9
1970-01-01 09:00:45.943,3.72,BassanoBrescianoObservatory,16.47,0.02,clear,10x30,42262.0,False,5622.12,1876.9
1970-01-01 09:00:45.943,3.72,Leavitt,16.19,0.04,Ic,,42333.0,False,7989.4,1337.0
1970-01-01 09:00:45.943,3.73,MASTER-SAAO,19.8,0.0,clear,120,42235.0,True,5622.12,1876.9
1970-01-01 09:00:45.943,3.77,Leavitt,16.54,0.03,Rc,,42333.0,False,6533.95,1676.68
1970-01-01 09:00:45.943,3.77,Calapai,17.02,0.01,clear,8x60s,42275.0,False,5622.12,1876.9
1970-01-01 09:00:45.943,3.82,BassanoBrescianoObservatory,16.54,0.02,clear,10x30,42262.0,False,5622.12,1876.9
1970-01-01 09:00:45.943,3.84,Leavitt,16.33,0.05,Ic,,42333.0,False,7989.4,1337.0
1970-01-01 09:00:45.943,3.89,Leavitt,16.69,0.03,Rc,,42333.0,False,6533.95,1676.68
1970-01-01 09:00:45.943,3.91,BassanoBrescianoObservatory,16.55,0.02,clear,10x30,42262.0,False,5622.12,1876.9
1970-01-01 09:00:45.943,3.91,Calapai,17.02,0.01,clear,8x60s,42275.0,False,5622.12,1876.9
1970-01-01 09:00:45.943,3.94,Leavitt,16.23,0.05,Ic,,42333.0,False,7989.4,1337.0
1970-01-01 09:00:45.943,3.99,BassanoBrescianoObservatory,16.56,0.02,clear,10x30,42262.0,False,5622.12,1876.9
1970-01-01 09:00:45.943,4.01,GOTO,17.11,0.02,L_GOTO,4x45s,42231.0,False,,
1970-01-01 09:00:45.943,4.02,ISON-Castelgrande,16.75,0.1,Clear,15*60,42396.0,False,,
1970-01-01 09:00:45.943,4.03,Leavitt,16.37,0.05,Ic,,42333.0,False,7989.4,1337.0
1970-01-01 09:00:45.943,4.06,Calapai,17.17,0.01,clear,8x60s,42275.0,False,5622.12,1876.9
1970-01-01 09:00:45.943,4.08,BassanoBrescianoObservatory,16.61,0.02,clear,10x30,42262.0,False,5622.12,1876.9
1970-01-01 09:00:45.943,4.08,Leavitt,16.8,0.04,Rc,,42333.0,False,6533.95,1676.68
1970-01-01 09:00:45.943,4.13,Leavitt,16.4,0.05,Ic,,42333.0,False,7989.4,1337.0
1970-01-01 09:00:45.943,4.18,Leavitt,16.75,0.03,Rc,,42333.0,False,6533.95,1676.68
1970-01-01 09:00:45.943,4.18,BassanoBrescianoObservatory,16.64,0.02,clear,10x30,42262.0,False,5622.12,1876.9
1970-01-01 09:00:45.943,4.2,Calapai,17.17,0.02,clear,8x60s,42275.0,False,5622.12,1876.9
1970-01-01 09:00:45.943,4.25,BassanoBrescianoObservatory,16.64,0.02,clear,10x30,42262.0,False,5622.12,1876.9
1970-01-01 09:00:45.943,4.25,Leavitt,16.43,0.06,Ic,,42333.0,False,7989.4,1337.0
1970-01-01 09:00:45.943,4.28,ISON-Castelgrande,16.86,0.08,Clear,15*60,42396.0,False,,
1970-01-01 09:00:45.943,4.3,Leavitt,16.93,0.04,Rc,,42333.0,False,6533.95,1676.68
1970-01-01 09:00:45.943,4.35,BassanoBrescianoObservatory,16.68,0.02,clear,10x30,42262.0,False,5622.12,1876.9
1970-01-01 09:00:45.943,4.35,Leavitt,16.24,0.05,Ic,,42333.0,False,7989.4,1337.0
1970-01-01 09:00:45.943,4.35,Calapai,17.22,0.02,clear,8x60s,42275.0,False,5622.12,1876.9
1970-01-01 09:00:45.943,4.39,Leavitt,16.82,0.04,Rc,,42333.0,False,6533.95,1676.68
1970-01-01 09:00:45.943,4.42,BassanoBrescianoObservatory,16.71,0.02,clear,10x30,42262.0,False,5622.12,1876.9
1970-01-01 09:00:45.943,4.44,Leavitt,16.42,0.06,Ic,,42333.0,False,7989.4,1337.0
1970-01-01 09:00:45.943,4.47,Calapai,17.23,0.02,clear,8x60s,42275.0,False,5622.12,1876.9
1970-01-01 09:00:45.943,4.49,Leavitt,16.72,0.04,Rc,,42333.0,False,6533.95,1676.68
1970-01-01 09:00:45.943,4.51,BassanoBrescianoObservatory,16.78,0.02,clear,10x30,42262.0,False,5622.12,1876.9
1970-01-01 09:00:45.943,4.54,Leavitt,16.49,0.06,Ic,,42333.0,False,7989.4,1337.0
1970-01-01 09:00:45.943,4.57,MASTER-SAAO,18.9,0.0,clear,60,42235.0,True,5622.12,1876.9
1970-01-01 09:00:45.943,4.59,ISON-Castelgrande,17.0,0.1,Clear,20*60,42396.0,False,,
1970-01-01 09:00:45.943,4.61,Calapai,17.31,0.02,clear,8x60s,42275.0,False,5622.12,1876.9
1970-01-01 09:00:45.943,4.61,Leavitt,17.11,0.05,Rc,,42333.0,False,6533.95,1676.68
1970-01-01 09:00:45.943,4.61,BassanoBrescianoObservatory,16.83,0.02,clear,10x30,42262.0,False,5622.12,1876.9
1970-01-01 09:00:45.943,4.66,Leavitt,16.68,0.07,Ic,,42333.0,False,7989.4,1337.0
1970-01-01 09:00:45.943,4.68,BassanoBrescianoObservatory,16.83,0.03,clear,10x30,42262.0,False,5622.12,1876.9
1970-01-01 09:00:45.943,4.75,Leavitt,16.63,0.07,Ic,,42333.0,False,7989.4,1337.0
1970-01-01 09:00:45.943,4.75,Calapai,17.35,0.02,clear,8x60s,42275.0,False,5622.12,1876.9
1970-01-01 09:00:45.943,4.78,BassanoBrescianoObservatory,16.84,0.03,clear,10x30,42262.0,False,5622.12,1876.9
1970-01-01 09:00:45.943,4.87,BassanoBrescianoObservatory,16.98,0.03,clear,10x30,42262.0,False,5622.12,1876.9
1970-01-01 09:00:45.943,4.9,Calapai,17.38,0.02,clear,8x60s,42275.0,False,5622.12,1876.9
1970-01-01 09:00:45.943,4.95,BassanoBrescianoObservatory,17.06,0.04,clear,10x30,42262.0,False,5622.12,1876.9
1970-01-01 09:00:45.943,4.97,ISON-Castelgrande,17.19,0.11,Clear,20*60,42396.0,False,,
1970-01-01 09:00:45.943,5.02,Calapai,17.44,0.02,clear,8x60s,42275.0,False,5622.12,1876.9
1970-01-01 09:00:45.943,5.04,BassanoBrescianoObservatory,17.03,0.05,clear,10x30,42262.0,False,5622.12,1876.9
1970-01-01 09:00:45.943,5.14,BassanoBrescianoObservatory,17.02,0.04,clear,10x30,42262.0,False,5622.12,1876.9
1970-01-01 09:00:45.943,5.16,Calapai,17.43,0.02,clear,8x60s,42275.0,False,5622.12,1876.9
1970-01-01 09:00:45.943,5.21,BassanoBrescianoObservatory,17.09,0.04,clear,10x30,42262.0,False,5622.12,1876.9
1970-01-01 09:00:45.943,5.31,BassanoBrescianoObservatory,17.02,0.04,clear,10x30,42262.0,False,5622.12,1876.9
1970-01-01 09:00:45.943,5.31,Calapai,17.58,0.03,clear,8x60s,42275.0,False,5622.12,1876.9
1970-01-01 09:00:45.943,5.33,ISON-Castelgrande,17.47,0.12,Clear,30*60,42396.0,False,,
1970-01-01 09:00:45.943,5.45,Calapai,17.56,0.03,clear,8x60s,42275.0,False,5622.12,1876.9
1970-01-01 09:00:45.943,5.57,Calapai,17.7,0.03,clear,8x60s,42275.0,False,5622.12,1876.9
1970-01-01 09:00:45.943,5.57,MarSEC,17.58,0.09,Rc,90,42267.0,False,6533.95,1676.68
1970-01-01 09:00:45.943,5.71,Calapai,17.62,0.03,clear,8x60s,42275.0,False,5622.12,1876.9
1970-01-01 09:00:45.943,5.8,ABObservatory,17.85,0.28,V,,42251.0,False,5538.12,1164.8
1970-01-01 09:00:45.943,5.86,Calapai,17.72,0.03,clear,8x60s,42275.0,False,5622.12,1876.9
1970-01-01 09:00:45.943,5.87,ISON-Castelgrande,17.35,0.13,Clear,30*60,42396.0,False,,
1970-01-01 09:00:45.943,6.0,Calapai,17.75,0.03,clear,8x60s,42275.0,False,5622.12,1876.9
1970-01-01 09:00:45.943,6.15,Calapai,17.86,0.04,clear,8x60s,42275.0,False,5622.12,1876.9
1970-01-01 09:00:45.943,6.27,Calapai,18.02,0.05,clear,8x60s,42275.0,False,5622.12,1876.9
1970-01-01 09:00:45.944,6.41,7DT,17.51163935972227,0.6164457444803931,m850,,,False,8483.0,250.0
1970-01-01 09:00:45.944,6.41,7DT,17.5783,0.079,m650,,,False,6501.0,250.0
1970-01-01 09:00:45.944,6.41,7DT,18.0339,0.0583,m450,,,False,4508.0,250.0
1970-01-01 09:00:45.944,6.41,7DT,17.4843,0.0917,m700,,,False,6999.0,250.0
1970-01-01 09:00:45.944,6.41,ISON-Castelgrande,17.54,0.19,Clear,35*60,42396.0,False,,
1970-01-01 09:00:45.944,6.41,7DT,18.091,0.0225,g,,,False,4806.36,1071.48
1970-01-01 09:00:45.944,6.41,7DT,17.6587,0.1052,m625,,,False,6248.0,250.0
1970-01-01 09:00:45.944,6.41,Calapai,18.03,0.05,clear,8x60s,42275.0,False,5622.12,1876.9
1970-01-01 09:00:45.944,6.41,7DT,17.3029,0.0659,i,,,False,7580.91,1288.67
1970-01-01 09:00:45.944,6.41,7DT,16.95181064496047,0.2110187522250844,m800,,,False,7992.0,250.0
1970-01-01 09:00:45.944,6.41,7DT,17.8604,0.1003,m600,,,False,6001.0,250.0
1970-01-01 09:00:45.944,6.41,7DT,17.8886,0.0701,m575,,,False,5749.0,250.0
1970-01-01 09:00:45.944,6.47,7DT,16.88992912508132,0.4916548577615109,m875,,,False,8729.0,250.0
1970-01-01 09:00:45.944,6.47,Kilonova-Catcher,17.63,0.02,Rc,5x300,42301.0,False,6533.95,1676.68
1970-01-01 09:00:45.944,6.47,7DT,17.2918,0.1273,m750,,,False,7489.0,250.0
1970-01-01 09:00:45.944,6.52,7DT,17.30872064963861,0.2275235299181369,m775,,,False,7752.0,250.0
1970-01-01 09:00:45.944,6.52,7DT,18.0455,0.0552,m475,,,False,4753.0,250.0
1970-01-01 09:00:45.944,6.52,7DT,18.6177,0.1533,m400,,,False,4013.0,250.0
1970-01-01 09:00:45.944,6.52,7DT,17.8869,0.0483,m525,,,False,5248.0,250.0
1970-01-01 09:00:45.944,6.53,7DT,17.8274,0.0374,r,,,False,6257.52,1264.57
1970-01-01 09:00:45.944,6.53,7DT,17.8523,0.07,m550,,,False,5501.0,250.0
1970-01-01 09:00:45.944,6.53,7DT,18.2558,0.0715,m425,,,False,4255.0,250.0
1970-01-01 09:00:45.944,6.53,7DT,17.51655798891263,0.3527597315123148,m825,,,False,8240.0,250.0
1970-01-01 09:00:45.944,6.53,7DT,17.6936,0.0837,m675,,,False,6745.0,250.0
1970-01-01 09:00:45.944,6.54,7DT,18.2531,0.0623,m500,,,False,5003.0,250.0
1970-01-01 09:00:45.944,6.55,Calapai,17.97,0.05,clear,8x60s,42275.0,False,5622.12,1876.9
1970-01-01 09:00:45.944,6.7,Calapai,17.99,0.05,clear,8x60s,42275.0,False,5622.12,1876.9
1970-01-01 09:00:45.944,6.87,Calapai,18.06,0.05,clear,11x60s,42275.0,False,5622.12,1876.9
1970-01-01 09:00:45.944,8.12,LiverpoolTelescope,18.62,0.04,g,,42334.0,False,4806.36,1071.48
1970-01-01 09:00:45.944,8.14,LiverpoolTelescope,18.36,0.02,r,,42334.0,False,6257.52,1264.57
1970-01-01 09:00:45.944,8.17,LiverpoolTelescope,18.14,0.03,i,,42334.0,False,7580.91,1288.67
1970-01-01 09:00:45.944,8.19,LiverpoolTelescope,19.07,0.1,u,,42334.0,False,3565.44,375.12
1970-01-01 09:00:45.944,8.23,LiverpoolTelescope,18.0,0.03,z,,42334.0,False,8874.17,1010.13
1970-01-01 09:00:45.944,8.26,Kilonova-Catcher,18.24,0.05,r,6x300 ,42301.0,False,6257.52,1264.57
1970-01-01 09:00:45.944,8.64,SVOM/COLIBRÍ(FM-GFT),18.5,0.03,r,60,42242.0,False,6257.52,1264.57
1970-01-01 09:00:45.944,9.02,DDOTI,18.95,0.04,w,1380,42241.0,False,6285.91,2561.73
1970-01-01 09:00:45.944,18.67,LCO,20.73,0.05,V,600,422561.0,False,5538.12,1164.8
1970-01-01 09:00:45.944,23.92,MAO/AZT-22,20.96,0.04,R,6x300 ,42283.0,False,6533.95,1676.68
1970-01-01 09:00:45.944,27.89,OHP/T193,21.11,0.1,g',3x600 + 1x300,42276.0,False,4806.36,1071.48
1970-01-01 09:00:45.944,28.71,OHP/T193,21.29,0.07,r',2x600 + 1x900,42276.0,False,6257.52,1264.57
1970-01-01 09:00:45.945,33.27,SVOM/COLIBRÍ,20.93,0.07,z,3840,42279.0,False,8874.17,1010.13
1970-01-01 09:00:45.945,33.27,SVOM/COLIBRÍ,21.29,0.04,r,1920,42279.0,False,6257.52,1264.57
1970-01-01 09:00:45.945,33.27,SVOM/COLIBRÍ,21.59,0.04,g,1920,42279.0,False,4806.36,1071.48
1970-01-01 09:00:45.945,36.06,Swift/UVOT,21.66,0.2,white,2753,42298.0,False,3359.46,3542.81
1970-01-01 09:00:45.945,47.96,Koshka/Ziess-1000,21.5,0.0,R,116*90,42736.0,True,6533.95,1676.68
1970-01-01 09:00:45.945,52.08,INO340,21.99,0.25,r,,42492.0,False,6257.52,1264.57
1970-01-01 09:00:45.945,52.08,INO340,22.44,0.16,g,,42492.0,False,4806.36,1071.48
1970-01-01 09:00:45.945,52.08,INO340,21.61,0.34,i,,42492.0,False,7580.91,1288.67
1970-01-01 09:00:45.946,67.73,JinShan,21.04,0.06,r,,42319.0,False,6257.52,1264.57
1970-01-01 09:00:45.947,95.33,SAO/Zeiss-1000,20.41,0.03,Rc,10*300,42736.0,False,6533.95,1676.68
1970-01-01 09:00:45.947,97.43,OHP/T193,20.74,0.06,r',4x600,42338.0,False,6257.52,1264.57
1970-01-01 09:00:45.948,117.04,Mondy/AZT-33IK,20.82,0.15,R,2*120,42736.0,False,6533.95,1676.68
1970-01-01 09:00:45.948,121.25,SAO/Zeiss-1000,21.02,0.04,Rc,10*300,42736.0,False,6533.95,1676.68
1970-01-01 09:00:45.949,138.94,Mondy/AZT-33IK,21.58,0.06,R,35*120,42736.0,False,6533.95,1676.68
1970-01-01 09:00:45.950,169.06,Koshka/Ziess-1000,20.7,0.14,R,40*180,42736.0,False,6533.95,1676.68
1970-01-01 09:00:45.950,170.33,SAORAS,21.61,0.11,Rc,13x300,42399.0,False,6533.95,1676.68
1970-01-01 09:00:45.950,170.33,SAO/Zeiss-1000,21.61,0.11,Rc,13*300,42736.0,False,6533.95,1676.68
1970-01-01 09:00:45.951,186.85,Mondy/AZT-33IK,21.89,0.09,R,40*120,42736.0,False,6533.95,1676.68
1970-01-01 09:00:45.951,191.38,SAORAS,21.8,0.1,Rc,19x300,42399.0,False,6533.95,1676.68
1970-01-01 09:00:45.952,210.84,Mondy/AZT-33IK,21.63,0.12,R,37*120,42736.0,False,6533.95,1676.68
1970-01-01 09:00:45.953,234.43,Mondy/AZT-33IK,22.31,0.22,R,35*120,42736.0,False,6533.95,1676.68
1970-01-01 09:00:45.953,241.68,SAO/Zeiss-1000,22.31,0.25,Rc,6*300,42736.0,False,6533.95,1676.68
1970-01-01 09:00:45.954,265.24,SAO/Zeiss-1000,22.0,0.0,Rc,6*300,42736.0,True,6533.95,1676.68
1970-01-01 09:00:45.955,286.53,CrAO/ZTSh,21.7,0.08,R,38*120,42736.0,False,6533.95,1676.68
1970-01-01 09:00:45.956,307.9,Mondy/AZT-33IK,21.7,0.1,R,45*120,42736.0,False,6533.95,1676.68
1970-01-01 09:00:45.957,330.72,Mondy/AZT-33IK,22.13,0.15,R,45*120,42736.0,False,6533.95,1676.68
1970-01-01 09:00:45.958,354.88,Mondy/AZT-33IK,22.23,0.25,R,44*120,42736.0,False,6533.95,1676.68
1970-01-01 09:00:45.958,361.96,SAO/Zeiss-1000,22.46,0.22,Rc,10*300,42736.0,False,6533.95,1676.68